signal,exchange_time,order_sent_time,mid_price,slippage,gross_pnl,net_pnl,max_drawdown,peak_pnl,realized_pnl,unrealized_pnl,long_position,short_position,close_long_sent_price,close_long_fill_price,close_short_sent_price,close_short_fill_price,open_short_sent_price,open_short_fill_price,open_long_sent_price,open_long_fill_price,filled_close_long_size,filled_close_short_size,filled_open_short_size,filled_open_long_size,prob_exec,price_aggressiveness,num_of_trades,num_of_opened_trades,num_of_closed_trades,spread_flag
1,2025-01-01 00:00:01,2025-01-01 00:00:00,100.00358,0.0,0.0,0.0,0.0,0.0,0.0,0.0,0.0,0.0,0.0,0.0,0.0,0.0,0.0,0.0,0.0,0.0,0.0,0.0,0,0,0.7975001074953877,0.7975001074953877,0,0,0,0
0,2025-01-01 00:00:02,,100.00358,0.0,0.0,0.0,0.0,0.0,0.0,0.0,0.0,0.0,0.0,0.0,0.0,0.0,0.0,0.0,0.0,0.0,0.0,0.0,0,0,0.0,0.0,0,0,0,0
0,2025-01-01 00:00:03,,100.010065,0.0,0.0,0.0,0.0,0.0,0.0,0.0,0.0,0.0,0.0,0.0,0.0,0.0,0.0,0.0,0.0,0.0,0.0,0.0,0,0,0.0,0.0,0,0,0,0
0,2025-01-01 00:00:04,,100.025295,0.0,0.0,0.0,0.0,0.0,0.0,0.0,0.0,0.0,0.0,0.0,0.0,0.0,0.0,0.0,0.0,0.0,0.0,0.0,0,0,0.0,0.0,0,0,0,0
0,2025-01-01 00:00:07,,100.0364,0.0,0.0,0.0,0.0,0.0,0.0,0.0,0.0,0.0,0.0,0.0,0.0,0.0,0.0,0.0,0.0,0.0,0.0,0.0,0,0,0.0,0.0,0,0,0,0
0,2025-01-01 00:00:08,,100.04407499999999,0.0,0.0,0.0,0.0,0.0,0.0,0.0,0.0,0.0,0.0,0.0,0.0,0.0,0.0,0.0,0.0,0.0,0.0,0.0,0,0,0.0,0.0,0,0,0,0
0,2025-01-01 00:00:09,,100.03938,0.0,0.0,0.0,0.0,0.0,0.0,0.0,0.0,0.0,0.0,0.0,0.0,0.0,0.0,0.0,0.0,0.0,0.0,0.0,0,0,0.0,0.0,0,0,0,0
0,2025-01-01 00:00:12,,100.035515,0.0,0.0,0.0,0.0,0.0,0.0,0.0,0.0,0.0,0.0,0.0,0.0,0.0,0.0,0.0,0.0,0.0,0.0,0.0,0,0,0.0,0.0,0,0,0,0
0,2025-01-01 00:00:13,,100.037935,0.0,0.0,0.0,0.0,0.0,0.0,0.0,0.0,0.0,0.0,0.0,0.0,0.0,0.0,0.0,0.0,0.0,0.0,0.0,0,0,0.0,0.0,0,0,0,0
0,2025-01-01 00:00:14,,100.0188,0.0,0.0,0.0,0.0,0.0,0.0,0.0,0.0,0.0,0.0,0.0,0.0,0.0,0.0,0.0,0.0,0.0,0.0,0.0,0,0,0.0,0.0,0,0,0,0
0,2025-01-01 00:00:17,,99.9858,0.0,0.0,0.0,0.0,0.0,0.0,0.0,0.0,0.0,0.0,0.0,0.0,0.0,0.0,0.0,0.0,0.0,0.0,0.0,0,0,0.0,0.0,0,0,0,0
0,2025-01-01 00:00:18,,99.988945,0.0,0.0,0.0,0.0,0.0,0.0,0.0,0.0,0.0,0.0,0.0,0.0,0.0,0.0,0.0,0.0,0.0,0.0,0.0,0,0,0.0,0.0,0,0,0,0
0,2025-01-01 00:00:19,,99.979865,0.0,0.0,0.0,0.0,0.0,0.0,0.0,0.0,0.0,0.0,0.0,0.0,0.0,0.0,0.0,0.0,0.0,0.0,0.0,0,0,0.0,0.0,0,0,0,0
0,2025-01-01 00:00:20,,99.965745,0.0,0.0,0.0,0.0,0.0,0.0,0.0,0.0,0.0,0.0,0.0,0.0,0.0,0.0,0.0,0.0,0.0,0.0,0.0,0,0,0.0,0.0,0,0,0,0
0,2025-01-01 00:00:21,,99.9804,0.0,0.0,0.0,0.0,0.0,0.0,0.0,0.0,0.0,0.0,0.0,0.0,0.0,0.0,0.0,0.0,0.0,0.0,0.0,0,0,0.0,0.0,0,0,0,0
0,2025-01-01 00:00:22,,99.97814,0.0,0.0,0.0,0.0,0.0,0.0,0.0,0.0,0.0,0.0,0.0,0.0,0.0,0.0,0.0,0.0,0.0,0.0,0.0,0,0,0.0,0.0,0,0,0,0
0,2025-01-01 00:00:23,,99.978815,0.0,0.0,0.0,0.0,0.0,0.0,0.0,0.0,0.0,0.0,0.0,0.0,0.0,0.0,0.0,0.0,0.0,0.0,0.0,0,0,0.0,0.0,0,0,0,0
0,2025-01-01 00:00:24,,99.964565,0.0,0.0,0.0,0.0,0.0,0.0,0.0,0.0,0.0,0.0,0.0,0.0,0.0,0.0,0.0,0.0,0.0,0.0,0.0,0,0,0.0,0.0,0,0,0,0
0,2025-01-01 00:00:25,,99.959125,0.0,0.0,0.0,0.0,0.0,0.0,0.0,0.0,0.0,0.0,0.0,0.0,0.0,0.0,0.0,0.0,0.0,0.0,0.0,0,0,0.0,0.0,0,0,0,0
-1,2025-01-01 00:00:26,2025-01-01 00:00:25,99.959125,0.0,0.0,0.0,0.0,0.0,0.0,0.0,0.0,0.0,0.0,0.0,0.0,0.0,0.0,0.0,0.0,0.0,0.0,0.0,0,0,0.0,0.0,0,0,0,0
0,2025-01-01 00:00:27,,99.94872000000001,0.0,0.0,0.0,0.0,0.0,0.0,0.0,0.0,0.0,0.0,0.0,0.0,0.0,0.0,0.0,0.0,0.0,0.0,0.0,0,0,0.0,0.0,0,0,0,0
0,2025-01-01 00:00:28,,99.95248000000001,0.0,0.0,0.0,0.0,0.0,0.0,0.0,0.0,0.0,0.0,0.0,0.0,0.0,0.0,0.0,0.0,0.0,0.0,0.0,0,0,0.0,0.0,0,0,0,0
0,2025-01-01 00:00:29,,99.94647,0.0,0.0,0.0,0.0,0.0,0.0,0.0,0.0,0.0,0.0,0.0,0.0,0.0,0.0,0.0,0.0,0.0,0.0,0.0,0,0,0.0,0.0,0,0,0,0
0,2025-01-01 00:00:30,,99.943555,0.0,0.0,0.0,0.0,0.0,0.0,0.0,0.0,0.0,0.0,0.0,0.0,0.0,0.0,0.0,0.0,0.0,0.0,0.0,0,0,0.0,0.0,0,0,0,0
1,2025-01-01 00:00:31,2025-01-01 00:00:30,99.943555,0.0,0.0,0.0,0.0,0.0,0.0,0.0,0.0,0.0,0.0,0.0,0.0,0.0,0.0,0.0,0.0,0.0,0.0,0.0,0,0,0.0,0.0,0,0,0,0
0,2025-01-01 00:00:32,,99.95606000000001,0.0,0.0,0.0,0.0,0.0,0.0,0.0,0.0,0.0,0.0,0.0,0.0,0.0,0.0,0.0,0.0,0.0,0.0,0.0,0,0,0.0,0.0,0,0,0,0
0,2025-01-01 00:00:33,,99.95592500000001,0.0,0.0,0.0,0.0,0.0,0.0,0.0,0.0,0.0,0.0,0.0,0.0,0.0,0.0,0.0,0.0,0.0,0.0,0.0,0,0,0.0,0.0,0,0,0,0
0,2025-01-01 00:00:34,,99.94534999999999,0.0,0.0,0.0,0.0,0.0,0.0,0.0,0.0,0.0,0.0,0.0,0.0,0.0,0.0,0.0,0.0,0.0,0.0,0.0,0,0,0.0,0.0,0,0,0,0
0,2025-01-01 00:00:35,,99.953575,0.0,0.0,0.0,0.0,0.0,0.0,0.0,0.0,0.0,0.0,0.0,0.0,0.0,0.0,0.0,0.0,0.0,0.0,0.0,0,0,0.0,0.0,0,0,0,0
0,2025-01-01 00:00:36,,99.94136499999999,0.0,0.0,0.0,0.0,0.0,0.0,0.0,0.0,0.0,0.0,0.0,0.0,0.0,0.0,0.0,0.0,0.0,0.0,0.0,0,0,0.0,0.0,0,0,0,0
0,2025-01-01 00:00:37,,99.943455,0.0,0.0,0.0,0.0,0.0,0.0,0.0,0.0,0.0,0.0,0.0,0.0,0.0,0.0,0.0,0.0,0.0,0.0,0.0,0,0,0.0,0.0,0,0,0,0
0,2025-01-01 00:00:38,,99.92385999999999,0.0,0.0,0.0,0.0,0.0,0.0,0.0,0.0,0.0,0.0,0.0,0.0,0.0,0.0,0.0,0.0,0.0,0.0,0.0,0,0,0.0,0.0,0,0,0,0
0,2025-01-01 00:00:39,,99.910575,0.0,0.0,0.0,0.0,0.0,0.0,0.0,0.0,0.0,0.0,0.0,0.0,0.0,0.0,0.0,0.0,0.0,0.0,0.0,0,0,0.0,0.0,0,0,0,0
0,2025-01-01 00:00:40,,99.912545,0.0,0.0,0.0,0.0,0.0,0.0,0.0,0.0,0.0,0.0,0.0,0.0,0.0,0.0,0.0,0.0,0.0,0.0,0.0,0,0,0.0,0.0,0,0,0,0
-1,2025-01-01 00:00:41,2025-01-01 00:00:40,99.921645,0.001179999999990855,-0.002250000000003638,-0.003250000000003638,inf,0.0,0.0,-0.002250000000003638,0.0,1.0,0.0,0.0,0.0,0.0,99.91934,99.92052,0.0,0.0,0.0,0.0,1,0,0.7995276245560011,0.7995276245560011,1,1,0,0
0,2025-01-01 00:00:42,,99.921645,0.0,-0.0010900000000049204,-0.0020900000000049204,inf,0.0,0.0,-0.0010900000000049204,0.0,1.0,0.0,0.0,0.0,0.0,0.0,0.0,0.0,0.0,0.0,0.0,0,0,0.0,0.0,0,0,0,0
0,2025-01-01 00:00:43,,99.920485,0.0,0.002299999999991087,0.001299999999991087,inf,0.001299999999991087,0.0,0.002299999999991087,0.0,1.0,0.0,0.0,0.0,0.0,0.0,0.0,0.0,0.0,0.0,0.0,0,0,0.0,0.0,0,0,0,0
0,2025-01-01 00:00:44,,99.917475,0.0,0.01706000000000074,0.01606000000000074,inf,0.01606000000000074,0.0,0.01706000000000074,0.0,1.0,0.0,0.0,0.0,0.0,0.0,0.0,0.0,0.0,0.0,0.0,0,0,0.0,0.0,0,0,0,0
0,2025-01-01 00:00:45,,99.902695,0.0,0.023910000000000764,0.022910000000000763,inf,0.022910000000000763,0.0,0.023910000000000764,0.0,1.0,0.0,0.0,0.0,0.0,0.0,0.0,0.0,0.0,0.0,0.0,0,0,0.0,0.0,0,0,0,0
-1,2025-01-01 00:00:46,2025-01-01 00:00:45,99.902695,0.0,0.029359999999996944,0.028359999999996943,inf,0.028359999999996943,0.0,0.029359999999996944,0.0,1.0,0.0,0.0,0.0,0.0,0.0,0.0,0.0,0.0,0.0,0.0,0,0,0.0,0.0,0,0,0,0
0,2025-01-01 00:00:47,,99.890885,0.0,0.018769999999989295,0.017769999999989294,inf,0.028359999999996943,0.0,0.018769999999989295,0.0,1.0,0.0,0.0,0.0,0.0,0.0,0.0,0.0,0.0,0.0,0.0,0,0,0.0,0.0,0,0,0,0
0,2025-01-01 00:00:48,,99.901455,0.0,0.014989999999997394,0.013989999999997393,inf,0.028359999999996943,0.0,0.014989999999997394,0.0,1.0,0.0,0.0,0.0,0.0,0.0,0.0,0.0,0.0,0.0,0.0,0,0,0.0,0.0,0,0,0,0
0,2025-01-01 00:00:49,,99.90489,0.0,0.03235999999999706,0.03135999999999706,inf,0.03135999999999706,0.0,0.03235999999999706,0.0,1.0,0.0,0.0,0.0,0.0,0.0,0.0,0.0,0.0,0.0,0.0,0,0,0.0,0.0,0,0,0,0
0,2025-01-01 00:00:50,,99.887265,0.0,0.028859999999994557,0.027859999999994556,inf,0.03135999999999706,0.0,0.028859999999994557,0.0,1.0,0.0,0.0,0.0,0.0,0.0,0.0,0.0,0.0,0.0,0.0,0,0,0.0,0.0,0,0,0,0
-1,2025-01-01 00:00:51,2025-01-01 00:00:50,99.887265,0.0,0.03212999999999511,0.031129999999995106,inf,0.03135999999999706,0.0,0.03212999999999511,0.0,1.0,0.0,0.0,0.0,0.0,0.0,0.0,0.0,0.0,0.0,0.0,0,0,0.0,0.0,0,0,0,0
0,2025-01-01 00:00:52,,99.88665499999999,0.0,0.03920999999999708,0.03820999999999708,inf,0.03820999999999708,0.0,0.03920999999999708,0.0,1.0,0.0,0.0,0.0,0.0,0.0,0.0,0.0,0.0,0.0,0.0,0,0,0.0,0.0,0,0,0,0
0,2025-01-01 00:00:53,,99.879885,0.0,0.03359999999999275,0.032599999999992746,inf,0.03820999999999708,0.0,0.03359999999999275,0.0,1.0,0.0,0.0,0.0,0.0,0.0,0.0,0.0,0.0,0.0,0.0,0,0,0.0,0.0,0,0,0,0
0,2025-01-01 00:00:54,,99.886,0.0,0.02321999999999491,0.02221999999999491,inf,0.03820999999999708,0.0,0.02321999999999491,0.0,1.0,0.0,0.0,0.0,0.0,0.0,0.0,0.0,0.0,0.0,0.0,0,0,0.0,0.0,0,0,0,0
0,2025-01-01 00:00:55,,99.89631,0.0,0.014399999999994861,0.01339999999999486,inf,0.03820999999999708,0.0,0.014399999999994861,0.0,1.0,0.0,0.0,0.0,0.0,0.0,0.0,0.0,0.0,0.0,0.0,0,0,0.0,0.0,0,0,0,0
-1,2025-01-01 00:00:56,2025-01-01 00:00:55,99.89631,0.0,0.02230000000000132,0.021300000000001318,inf,0.03820999999999708,0.0,0.02230000000000132,0.0,1.0,0.0,0.0,0.0,0.0,0.0,0.0,0.0,0.0,0.0,0.0,0,0,0.0,0.0,0,0,0,0
0,2025-01-01 00:00:57,,99.89723000000001,0.0,0.025529999999989172,0.02452999999998917,inf,0.03820999999999708,0.0,0.025529999999989172,0.0,1.0,0.0,0.0,0.0,0.0,0.0,0.0,0.0,0.0,0.0,0.0,0,0,0.0,0.0,0,0,0,0
0,2025-01-01 00:00:58,,99.894135,0.0,0.021909999999991214,0.020909999999991213,inf,0.03820999999999708,0.0,0.021909999999991214,0.0,1.0,0.0,0.0,0.0,0.0,0.0,0.0,0.0,0.0,0.0,0.0,0,0,0.0,0.0,0,0,0,0
0,2025-01-01 00:00:59,,99.89744999999999,0.0,0.012729999999990582,0.011729999999990581,inf,0.03820999999999708,0.0,0.012729999999990582,0.0,1.0,0.0,0.0,0.0,0.0,0.0,0.0,0.0,0.0,0.0,0.0,0,0,0.0,0.0,0,0,0,0
0,2025-01-01 00:01:00,,99.907205,0.0,0.016840000000001965,0.015840000000001964,inf,0.03820999999999708,0.0,0.016840000000001965,0.0,1.0,0.0,0.0,0.0,0.0,0.0,0.0,0.0,0.0,0.0,0.0,0,0,0.0,0.0,0,0,0,0
1,2025-01-01 00:01:01,2025-01-01 00:01:00,99.90056000000001,0.0,0.018189999999989936,0.017189999999989936,inf,0.03820999999999708,0.0,0.018189999999989936,0.0,1.0,0.0,0.0,0.0,0.0,0.0,0.0,0.0,0.0,0.0,0.0,0,0,0.7972973603318945,0.7972973603318945,0,0,0,0
0,2025-01-01 00:01:02,,99.90056000000001,0.0,0.030079999999998108,0.029079999999998107,inf,0.03820999999999708,0.0,0.030079999999998108,0.0,1.0,0.0,0.0,0.0,0.0,0.0,0.0,0.0,0.0,0.0,0.0,0,0,0.0,0.0,0,0,0,0
0,2025-01-01 00:01:03,,99.889495,0.0,0.04178999999999178,0.04078999999999178,inf,0.04078999999999178,0.0,0.04178999999999178,0.0,1.0,0.0,0.0,0.0,0.0,0.0,0.0,0.0,0.0,0.0,0.0,0,0,0.0,0.0,0,0,0,0
0,2025-01-01 00:01:04,,99.87753000000001,0.0,0.033519999999995775,0.032519999999995775,inf,0.04078999999999178,0.0,0.033519999999995775,0.0,1.0,0.0,0.0,0.0,0.0,0.0,0.0,0.0,0.0,0.0,0.0,0,0,0.0,0.0,0,0,0,0
0,2025-01-01 00:01:05,,99.885655,0.0,0.02049999999999841,0.019499999999998407,inf,0.04078999999999178,0.0,0.02049999999999841,0.0,1.0,0.0,0.0,0.0,0.0,0.0,0.0,0.0,0.0,0.0,0.0,0,0,0.0,0.0,0,0,0,0
-1,2025-01-01 00:01:06,2025-01-01 00:01:05,99.885655,0.0,0.02091000000000065,0.01991000000000065,inf,0.04078999999999178,0.0,0.02091000000000065,0.0,1.0,0.0,0.0,0.0,0.0,0.0,0.0,0.0,0.0,0.0,0.0,0,0,0.0,0.0,0,0,0,0
0,2025-01-01 00:01:07,,99.8985,0.0,0.010979999999989332,0.00997999999998933,inf,0.04078999999999178,0.0,0.010979999999989332,0.0,1.0,0.0,0.0,0.0,0.0,0.0,0.0,0.0,0.0,0.0,0.0,0,0,0.0,0.0,0,0,0,0
0,2025-01-01 00:01:08,,99.908535,0.0,0.007319999999992888,0.006319999999992888,inf,0.04078999999999178,0.0,0.007319999999992888,0.0,1.0,0.0,0.0,0.0,0.0,0.0,0.0,0.0,0.0,0.0,0.0,0,0,0.0,0.0,0,0,0,0
0,2025-01-01 00:01:09,,99.91215,0.0,0.014209999999991396,0.013209999999991395,inf,0.04078999999999178,0.0,0.014209999999991396,0.0,1.0,0.0,0.0,0.0,0.0,0.0,0.0,0.0,0.0,0.0,0.0,0,0,0.0,0.0,0,0,0,0
0,2025-01-01 00:01:10,,99.9057,0.0,0.01018999999999437,0.00918999999999437,inf,0.04078999999999178,0.0,0.01018999999999437,0.0,1.0,0.0,0.0,0.0,0.0,0.0,0.0,0.0,0.0,0.0,0.0,0,0,0.0,0.0,0,0,0,0
0,2025-01-01 00:01:11,,99.90931499999999,0.0,-0.005420000000000869,-0.006420000000000869,inf,0.04078999999999178,0.0,-0.005420000000000869,0.0,1.0,0.0,0.0,0.0,0.0,0.0,0.0,0.0,0.0,0.0,0.0,0,0,0.0,0.0,0,0,0,0
0,2025-01-01 00:01:12,,99.924695,0.0,-0.0055400000000105365,-0.0065400000000105365,inf,0.04078999999999178,0.0,-0.0055400000000105365,0.0,1.0,0.0,0.0,0.0,0.0,0.0,0.0,0.0,0.0,0.0,0.0,0,0,0.0,0.0,0,0,0,0
0,2025-01-01 00:01:13,,99.92433500000001,0.0,-0.020940000000010173,-0.021940000000010174,inf,0.04078999999999178,0.0,-0.020940000000010173,0.0,1.0,0.0,0.0,0.0,0.0,0.0,0.0,0.0,0.0,0.0,0.0,0,0,0.0,0.0,0,0,0,0
0,2025-01-01 00:01:14,,99.93998,0.0,0.004660000000001219,0.0036600000000012187,inf,0.04078999999999178,0.0,0.004660000000001219,0.0,1.0,0.0,0.0,0.0,0.0,0.0,0.0,0.0,0.0,0.0,0.0,0,0,0.0,0.0,0,0,0,0
0,2025-01-01 00:01:15,,99.91378499999999,0.0,-0.0020999999999986585,-0.0030999999999986585,inf,0.04078999999999178,0.0,-0.0020999999999986585,0.0,1.0,0.0,0.0,0.0,0.0,0.0,0.0,0.0,0.0,0.0,0.0,0,0,0.0,0.0,0,0,0,0
1,2025-01-01 00:01:16,2025-01-01 00:01:15,99.91378499999999,0.0,-0.003790000000009286,-0.004790000000009286,inf,0.04078999999999178,0.0,-0.003790000000009286,0.0,1.0,0.0,0.0,0.0,0.0,0.0,0.0,0.0,0.0,0.0,0.0,0,0,0.0,0.0,0,0,0,0
0,2025-01-01 00:01:17,,99.922875,0.0,-0.00046000000000390173,-0.0014600000000039018,inf,0.04078999999999178,0.0,-0.00046000000000390173,0.0,1.0,0.0,0.0,0.0,0.0,0.0,0.0,0.0,0.0,0.0,0.0,0,0,0.0,0.0,0,0,0,0
0,2025-01-01 00:01:18,,99.919885,0.0,-0.002380000000002269,-0.003380000000002269,inf,0.04078999999999178,0.0,-0.002380000000002269,0.0,1.0,0.0,0.0,0.0,0.0,0.0,0.0,0.0,0.0,0.0,0.0,0,0,0.0,0.0,0,0,0,0
0,2025-01-01 00:01:19,,99.920805,0.0,0.018999999999991246,0.017999999999991245,inf,0.04078999999999178,0.0,0.018999999999991246,0.0,1.0,0.0,0.0,0.0,0.0,0.0,0.0,0.0,0.0,0.0,0.0,0,0,0.0,0.0,0,0,0,0
0,2025-01-01 00:01:20,,99.900925,0.0,0.0212099999999964,0.020209999999996398,inf,0.04078999999999178,0.0,0.0212099999999964,0.0,1.0,0.0,0.0,0.0,0.0,0.0,0.0,0.0,0.0,0.0,0.0,0,0,0.0,0.0,0,0,0,0
0,2025-01-01 00:01:21,,99.89873,0.0,0.017519999999990432,0.01651999999999043,inf,0.04078999999999178,0.0,0.017519999999990432,0.0,1.0,0.0,0.0,0.0,0.0,0.0,0.0,0.0,0.0,0.0,0.0,0,0,0.0,0.0,0,0,0,0
0,2025-01-01 00:01:22,,99.9023,0.0,0.003379999999992833,0.002379999999992833,inf,0.04078999999999178,0.0,0.003379999999992833,0.0,1.0,0.0,0.0,0.0,0.0,0.0,0.0,0.0,0.0,0.0,0.0,0,0,0.0,0.0,0,0,0,0
0,2025-01-01 00:01:23,,99.91708,0.0,0.00788000000000011,0.006880000000000109,inf,0.04078999999999178,0.0,0.00788000000000011,0.0,1.0,0.0,0.0,0.0,0.0,0.0,0.0,0.0,0.0,0.0,0.0,0,0,0.0,0.0,0,0,0,0
0,2025-01-01 00:01:24,,99.9119,0.0,0.016089999999991278,0.015089999999991277,inf,0.04078999999999178,0.0,0.016089999999991278,0.0,1.0,0.0,0.0,0.0,0.0,0.0,0.0,0.0,0.0,0.0,0.0,0,0,0.0,0.0,0,0,0,0
0,2025-01-01 00:01:25,,99.90381,0.0,0.020649999999989177,0.019649999999989176,inf,0.04078999999999178,0.0,0.020649999999989177,0.0,1.0,0.0,0.0,0.0,0.0,0.0,0.0,0.0,0.0,0.0,0.0,0,0,0.0,0.0,0,0,0,0
-1,2025-01-01 00:01:26,2025-01-01 00:01:25,99.90795,0.009059999999990964,0.009059999999976753,0.007059999999976753,inf,0.04078999999999178,0.0,0.009059999999976753,0.0,2.0,0.0,0.0,0.0,0.0,99.89772,99.90678,0.0,0.0,0.0,0.0,1,0,0.796372618555014,0.796372618555014,1,1,0,0
0,2025-01-01 00:01:27,,99.90795,0.0,0.00093999999998573,-0.00106000000001427,inf,0.04078999999999178,0.0,0.00093999999998573,0.0,2.0,0.0,0.0,0.0,0.0,0.0,0.0,0.0,0.0,0.0,0.0,0,0,0.0,0.0,0,0,0,0
0,2025-01-01 00:01:28,,99.91123999999999,0.0,0.012459999999975935,0.010459999999975935,inf,0.04078999999999178,0.0,0.012459999999975935,0.0,2.0,0.0,0.0,0.0,0.0,0.0,0.0,0.0,0.0,0.0,0.0,0,0,0.0,0.0,0,0,0,0
0,2025-01-01 00:01:29,,99.90594,0.0,0.0037399999999934153,0.0017399999999934152,inf,0.04078999999999178,0.0,0.0037399999999934153,0.0,2.0,0.0,0.0,0.0,0.0,0.0,0.0,0.0,0.0,0.0,0.0,0,0,0.0,0.0,0,0,0,0
0,2025-01-01 00:01:30,,99.91107,0.0,0.002119999999990796,0.00011999999999079587,inf,0.04078999999999178,0.0,0.002119999999990796,0.0,2.0,0.0,0.0,0.0,0.0,0.0,0.0,0.0,0.0,0.0,0.0,0,0,0.0,0.0,0,0,0,0
0,2025-01-01 00:01:31,,99.91203999999999,0.0,-0.018660000000011223,-0.020660000000011225,inf,0.04078999999999178,0.0,-0.018660000000011223,0.0,2.0,0.0,0.0,0.0,0.0,0.0,0.0,0.0,0.0,0.0,0.0,0,0,0.0,0.0,0,0,0,0
0,2025-01-01 00:01:32,,99.92173,0.0,-0.0028000000000076852,-0.004800000000007685,inf,0.04078999999999178,0.0,-0.0028000000000076852,0.0,2.0,0.0,0.0,0.0,0.0,0.0,0.0,0.0,0.0,0.0,0.0,0,0,0.0,0.0,0,0,0,0
0,2025-01-01 00:01:33,,99.91471,0.0,0.0005999999999914962,-0.0014000000000085038,inf,0.04078999999999178,0.0,0.0005999999999914962,0.0,2.0,0.0,0.0,0.0,0.0,0.0,0.0,0.0,0.0,0.0,0.0,0,0,0.0,0.0,0,0,0,0
0,2025-01-01 00:01:34,,99.911435,0.0,0.00909999999998945,0.00709999999998945,inf,0.04078999999999178,0.0,0.00909999999998945,0.0,2.0,0.0,0.0,0.0,0.0,0.0,0.0,0.0,0.0,0.0,0.0,0,0,0.0,0.0,0,0,0,0
0,2025-01-01 00:01:35,,99.90751,0.0,0.04001999999996997,0.03801999999996997,inf,0.04078999999999178,0.0,0.04001999999996997,0.0,2.0,0.0,0.0,0.0,0.0,0.0,0.0,0.0,0.0,0.0,0.0,0,0,0.0,0.0,0,0,0,0
1,2025-01-01 00:01:36,2025-01-01 00:01:35,99.90751,0.0,0.03533999999999082,0.03333999999999082,inf,0.04078999999999178,0.0,0.03533999999999082,0.0,2.0,0.0,0.0,0.0,0.0,0.0,0.0,0.0,0.0,0.0,0.0,0,0,0.0,0.0,0,0,0,0
0,2025-01-01 00:01:37,,99.895835,0.0,0.027039999999971087,0.025039999999971085,inf,0.04078999999999178,0.0,0.027039999999971087,0.0,2.0,0.0,0.0,0.0,0.0,0.0,0.0,0.0,0.0,0.0,0.0,0,0,0.0,0.0,0,0,0,0
0,2025-01-01 00:01:38,,99.89845,0.0,0.028419999999982792,0.02641999999998279,inf,0.04078999999999178,0.0,0.028419999999982792,0.0,2.0,0.0,0.0,0.0,0.0,0.0,0.0,0.0,0.0,0.0,0.0,0,0,0.0,0.0,0,0,0,0
0,2025-01-01 00:01:39,,99.8985,0.0,0.03175999999999135,0.02975999999999135,inf,0.04078999999999178,0.0,0.03175999999999135,0.0,2.0,0.0,0.0,0.0,0.0,0.0,0.0,0.0,0.0,0.0,0.0,0,0,0.0,0.0,0,0,0,0
0,2025-01-01 00:01:40,,99.89615,0.0,0.06289999999998486,0.060899999999984855,inf,0.060899999999984855,0.0,0.06289999999998486,0.0,2.0,0.0,0.0,0.0,0.0,0.0,0.0,0.0,0.0,0.0,0.0,0,0,0.0,0.0,0,0,0,0
0,2025-01-01 00:01:41,,99.882,0.0,0.07031999999998106,0.06831999999998106,inf,0.06831999999998106,0.0,0.07031999999998106,0.0,2.0,0.0,0.0,0.0,0.0,0.0,0.0,0.0,0.0,0.0,0.0,0,0,0.0,0.0,0,0,0,0
0,2025-01-01 00:01:42,,99.87779,0.0,0.0765599999999722,0.0745599999999722,inf,0.0745599999999722,0.0,0.0765599999999722,0.0,2.0,0.0,0.0,0.0,0.0,0.0,0.0,0.0,0.0,0.0,0.0,0,0,0.0,0.0,0,0,0,0
0,2025-01-01 00:01:43,,99.87436500000001,0.0,0.09255999999999176,0.09055999999999176,inf,0.09055999999999176,0.0,0.09255999999999176,0.0,2.0,0.0,0.0,0.0,0.0,0.0,0.0,0.0,0.0,0.0,0.0,0,0,0.0,0.0,0,0,0,0
0,2025-01-01 00:01:44,,99.866345,0.0,0.09627999999997883,0.09427999999997883,inf,0.09427999999997883,0.0,0.09627999999997883,0.0,2.0,0.0,0.0,0.0,0.0,0.0,0.0,0.0,0.0,0.0,0.0,0,0,0.0,0.0,0,0,0,0
0,2025-01-01 00:01:45,,99.864735,0.0,0.08713999999997668,0.08513999999997668,inf,0.09427999999997883,0.0,0.08713999999997668,0.0,2.0,0.0,0.0,0.0,0.0,0.0,0.0,0.0,0.0,0.0,0.0,0,0,0.0,0.0,0,0,0,0
-1,2025-01-01 00:01:46,2025-01-01 00:01:45,99.88763499999999,0.0,0.05109999999999104,0.04909999999999104,inf,0.09427999999997883,0.0,0.05109999999999104,0.0,2.0,0.0,0.0,0.0,0.0,0.0,0.0,0.0,0.0,0.0,0.0,0,0,0.7921070944346394,0.7921070944346394,0,0,0,0
0,2025-01-01 00:01:47,,99.88763499999999,0.0,0.04667999999998074,0.044679999999980735,inf,0.09427999999997883,0.0,0.04667999999998074,0.0,2.0,0.0,0.0,0.0,0.0,0.0,0.0,0.0,0.0,0.0,0.0,0,0,0.0,0.0,0,0,0,0
0,2025-01-01 00:01:48,,99.88938,0.0,0.041279999999972006,0.039279999999972004,inf,0.09427999999997883,0.0,0.041279999999972006,0.0,2.0,0.0,0.0,0.0,0.0,0.0,0.0,0.0,0.0,0.0,0.0,0,0,0.0,0.0,0,0,0,0
0,2025-01-01 00:01:49,,99.89195000000001,0.0,0.04235999999997375,0.04035999999997375,inf,0.09427999999997883,0.0,0.04235999999997375,0.0,2.0,0.0,0.0,0.0,0.0,0.0,0.0,0.0,0.0,0.0,0.0,0,0,0.0,0.0,0,0,0,0
0,2025-01-01 00:01:50,,99.89121,0.0,0.08053999999998496,0.07853999999998496,inf,0.09427999999997883,0.0,0.08053999999998496,0.0,2.0,0.0,0.0,0.0,0.0,0.0,0.0,0.0,0.0,0.0,0.0,0,0,0.0,0.0,0,0,0,0
1,2025-01-01 00:01:51,2025-01-01 00:01:50,99.87175500000001,0.0023799999999880583,0.08291999999997302,0.07991999999997301,inf,0.09427999999997883,0.08291999999997302,0.0,0.0,0.0,0.0,0.0,99.87338,99.87219,0.0,0.0,0.0,0.0,0.0,2.0,0,0,0.7976169542292482,0.7976169542292482,1,0,1,0
0,2025-01-01 00:01:52,,99.87175500000001,0.0,0.08291999999997302,0.07991999999997301,inf,0.09427999999997883,0.08291999999997302,0.0,0.0,0.0,0.0,0.0,0.0,0.0,0.0,0.0,0.0,0.0,0.0,0.0,0,0,0.0,0.0,0,0,0,0
0,2025-01-01 00:01:53,,99.87236,0.0,0.08291999999997302,0.07991999999997301,inf,0.09427999999997883,0.08291999999997302,0.0,0.0,0.0,0.0,0.0,0.0,0.0,0.0,0.0,0.0,0.0,0.0,0.0,0,0,0.0,0.0,0,0,0,0
0,2025-01-01 00:01:54,,99.89698999999999,0.0,0.08291999999997302,0.07991999999997301,inf,0.09427999999997883,0.08291999999997302,0.0,0.0,0.0,0.0,0.0,0.0,0.0,0.0,0.0,0.0,0.0,0.0,0.0,0,0,0.0,0.0,0,0,0,0
0,2025-01-01 00:01:55,,99.895065,0.0,0.08291999999997302,0.07991999999997301,inf,0.09427999999997883,0.08291999999997302,0.0,0.0,0.0,0.0,0.0,0.0,0.0,0.0,0.0,0.0,0.0,0.0,0.0,0,0,0.0,0.0,0,0,0,0
1,2025-01-01 00:01:56,2025-01-01 00:01:55,99.895065,0.0,0.08291999999997302,0.07991999999997301,inf,0.09427999999997883,0.08291999999997302,0.0,0.0,0.0,0.0,0.0,0.0,0.0,0.0,0.0,0.0,0.0,0.0,0.0,0,0,0.0,0.0,0,0,0,0
0,2025-01-01 00:01:57,,99.89773500000001,0.0,0.08291999999997302,0.07991999999997301,inf,0.09427999999997883,0.08291999999997302,0.0,0.0,0.0,0.0,0.0,0.0,0.0,0.0,0.0,0.0,0.0,0.0,0.0,0,0,0.0,0.0,0,0,0,0
0,2025-01-01 00:01:58,,99.88605000000001,0.0,0.08291999999997302,0.07991999999997301,inf,0.09427999999997883,0.08291999999997302,0.0,0.0,0.0,0.0,0.0,0.0,0.0,0.0,0.0,0.0,0.0,0.0,0.0,0,0,0.0,0.0,0,0,0,0
0,2025-01-01 00:01:59,,99.89748,0.0,0.08291999999997302,0.07991999999997301,inf,0.09427999999997883,0.08291999999997302,0.0,0.0,0.0,0.0,0.0,0.0,0.0,0.0,0.0,0.0,0.0,0.0,0.0,0,0,0.0,0.0,0,0,0,0
0,2025-01-01 00:02:00,,99.904995,0.0,0.08291999999997302,0.07991999999997301,inf,0.09427999999997883,0.08291999999997302,0.0,0.0,0.0,0.0,0.0,0.0,0.0,0.0,0.0,0.0,0.0,0.0,0.0,0,0,0.0,0.0,0,0,0,0
1,2025-01-01 00:02:01,2025-01-01 00:02:00,99.90381500000001,0.0,0.07916999999996222,0.07516999999996221,inf,0.09427999999997883,0.08291999999997302,-0.0037500000000108002,1.0,0.0,0.0,0.0,0.0,0.0,0.0,0.0,99.91494,99.90569,0.0,0.0,0,1,0.7814825361799095,0.7814825361799095,1,1,0,0
0,2025-01-01 00:02:02,,99.90381500000001,0.0,0.0941999999999723,0.0901999999999723,inf,0.09427999999997883,0.08291999999997302,0.01127999999999929,1.0,0.0,0.0,0.0,0.0,0.0,0.0,0.0,0.0,0.0,0.0,0.0,0,0,0.0,0.0,0,0,0,0
0,2025-01-01 00:02:03,,99.917845,0.0,0.07956999999996128,0.07556999999996128,inf,0.09427999999997883,0.08291999999997302,-0.0033500000000117325,1.0,0.0,0.0,0.0,0.0,0.0,0.0,0.0,0.0,0.0,0.0,0.0,0,0,0.0,0.0,0,0,0,0
0,2025-01-01 00:02:04,,99.903825,0.0,0.08559999999997103,0.08159999999997103,inf,0.09427999999997883,0.08291999999997302,0.0026799999999980173,1.0,0.0,0.0,0.0,0.0,0.0,0.0,0.0,0.0,0.0,0.0,0.0,0,0,0.0,0.0,0,0,0,0
0,2025-01-01 00:02:05,,99.90969000000001,0.0,0.1071399999999727,0.1031399999999727,inf,0.1031399999999727,0.08291999999997302,0.024219999999999686,1.0,0.0,0.0,0.0,0.0,0.0,0.0,0.0,0.0,0.0,0.0,0.0,0,0,0.0,0.0,0,0,0,0
-1,2025-01-01 00:02:06,2025-01-01 00:02:05,99.90969000000001,0.0,0.09839999999996962,0.09439999999996962,inf,0.1031399999999727,0.08291999999997302,0.015479999999996608,1.0,0.0,0.0,0.0,0.0,0.0,0.0,0.0,0.0,0.0,0.0,0.0,0,0,0.0,0.0,0,0,0,0
0,2025-01-01 00:02:07,,99.92169000000001,0.0,0.09190999999997018,0.08790999999997018,inf,0.1031399999999727,0.08291999999997302,0.008989999999997167,1.0,0.0,0.0,0.0,0.0,0.0,0.0,0.0,0.0,0.0,0.0,0.0,0,0,0.0,0.0,0,0,0,0
0,2025-01-01 00:02:08,,99.916025,0.0,0.09272999999996046,0.08872999999996045,inf,0.1031399999999727,0.08291999999997302,0.00980999999998744,1.0,0.0,0.0,0.0,0.0,0.0,0.0,0.0,0.0,0.0,0.0,0.0,0,0,0.0,0.0,0,0,0,0
0,2025-01-01 00:02:09,,99.917025,0.0,0.08909999999995932,0.08509999999995932,inf,0.1031399999999727,0.08291999999997302,0.0061799999999863076,1.0,0.0,0.0,0.0,0.0,0.0,0.0,0.0,0.0,0.0,0.0,0.0,0,0,0.0,0.0,0,0,0,0
0,2025-01-01 00:02:10,,99.91199,0.0,0.07329999999996062,0.06929999999996062,inf,0.1031399999999727,0.08291999999997302,-0.009620000000012396,1.0,0.0,0.0,0.0,0.0,0.0,0.0,0.0,0.0,0.0,0.0,0.0,0,0,0.0,0.0,0,0,0,0
-1,2025-01-01 00:02:11,2025-01-01 00:02:10,99.89716999999999,0.0010800000000017462,0.07437999999996237,0.06937999999996236,inf,0.1031399999999727,0.07437999999996237,0.0,0.0,0.0,99.89607,99.89715,0.0,0.0,0.0,0.0,0.0,0.0,1.0,0.0,0,0,0.7995675552305493,0.7995675552305493,1,0,1,0
0,2025-01-01 00:02:12,,99.89716999999999,0.0,0.07437999999996237,0.06937999999996236,inf,0.1031399999999727,0.07437999999996237,0.0,0.0,0.0,0.0,0.0,0.0,0.0,0.0,0.0,0.0,0.0,0.0,0.0,0,0,0.0,0.0,0,0,0,0
0,2025-01-01 00:02:13,,99.886545,0.0,0.07437999999996237,0.06937999999996236,inf,0.1031399999999727,0.07437999999996237,0.0,0.0,0.0,0.0,0.0,0.0,0.0,0.0,0.0,0.0,0.0,0.0,0.0,0,0,0.0,0.0,0,0,0,0
0,2025-01-01 00:02:14,,99.89128,0.0,0.07437999999996237,0.06937999999996236,inf,0.1031399999999727,0.07437999999996237,0.0,0.0,0.0,0.0,0.0,0.0,0.0,0.0,0.0,0.0,0.0,0.0,0.0,0,0,0.0,0.0,0,0,0,0
0,2025-01-01 00:02:15,,99.88209,0.0,0.07437999999996237,0.06937999999996236,inf,0.1031399999999727,0.07437999999996237,0.0,0.0,0.0,0.0,0.0,0.0,0.0,0.0,0.0,0.0,0.0,0.0,0.0,0,0,0.0,0.0,0,0,0,0
0,2025-01-01 00:02:16,,99.89758499999999,0.0,0.07437999999996237,0.06937999999996236,inf,0.1031399999999727,0.07437999999996237,0.0,0.0,0.0,0.0,0.0,0.0,0.0,0.0,0.0,0.0,0.0,0.0,0.0,0,0,0.0,0.0,0,0,0,0
0,2025-01-01 00:02:17,,99.88975500000001,0.0,0.07437999999996237,0.06937999999996236,inf,0.1031399999999727,0.07437999999996237,0.0,0.0,0.0,0.0,0.0,0.0,0.0,0.0,0.0,0.0,0.0,0.0,0.0,0,0,0.0,0.0,0,0,0,0
0,2025-01-01 00:02:18,,99.88653,0.0,0.07437999999996237,0.06937999999996236,inf,0.1031399999999727,0.07437999999996237,0.0,0.0,0.0,0.0,0.0,0.0,0.0,0.0,0.0,0.0,0.0,0.0,0.0,0,0,0.0,0.0,0,0,0,0
0,2025-01-01 00:02:19,,99.89466999999999,0.0,0.07437999999996237,0.06937999999996236,inf,0.1031399999999727,0.07437999999996237,0.0,0.0,0.0,0.0,0.0,0.0,0.0,0.0,0.0,0.0,0.0,0.0,0.0,0,0,0.0,0.0,0,0,0,0
0,2025-01-01 00:02:20,,99.88236,0.0,0.07437999999996237,0.06937999999996236,inf,0.1031399999999727,0.07437999999996237,0.0,0.0,0.0,0.0,0.0,0.0,0.0,0.0,0.0,0.0,0.0,0.0,0.0,0,0,0.0,0.0,0,0,0,0
-1,2025-01-01 00:02:21,2025-01-01 00:02:20,99.897705,0.01328000000000884,0.07240999999996234,0.06640999999996233,inf,0.1031399999999727,0.07437999999996237,-0.0019700000000000273,0.0,1.0,0.0,0.0,0.0,0.0,99.88344,99.89672,0.0,0.0,0.0,0.0,1,0,0.794682508094354,0.794682508094354,1,1,0,0
0,2025-01-01 00:02:22,,99.897705,0.0,0.08943999999996777,0.08343999999996776,inf,0.1031399999999727,0.07437999999996237,0.015060000000005402,0.0,1.0,0.0,0.0,0.0,0.0,0.0,0.0,0.0,0.0,0.0,0.0,0,0,0.0,0.0,0,0,0,0
0,2025-01-01 00:02:23,,99.88163,0.0,0.0866699999999696,0.0806699999999696,inf,0.1031399999999727,0.07437999999996237,0.01229000000000724,0.0,1.0,0.0,0.0,0.0,0.0,0.0,0.0,0.0,0.0,0.0,0.0,0,0,0.0,0.0,0,0,0,0
0,2025-01-01 00:02:24,,99.883475,0.0,0.08467999999996323,0.07867999999996322,inf,0.1031399999999727,0.07437999999996237,0.010300000000000864,0.0,1.0,0.0,0.0,0.0,0.0,0.0,0.0,0.0,0.0,0.0,0.0,0,0,0.0,0.0,0,0,0,0
0,2025-01-01 00:02:25,,99.886075,0.0,0.07586999999996635,0.06986999999996635,inf,0.1031399999999727,0.07437999999996237,0.0014900000000039881,0.0,1.0,0.0,0.0,0.0,0.0,0.0,0.0,0.0,0.0,0.0,0.0,0,0,0.0,0.0,0,0,0,0
1,2025-01-01 00:02:26,2025-01-01 00:02:25,99.88152500000001,0.02503999999998996,0.08601999999996224,0.07801999999996223,inf,0.1031399999999727,0.08838999999996133,-0.002369999999999095,1.0,0.0,0.0,0.0,99.89523,99.88271,0.0,0.0,99.89523,99.88271,0.0,1.0,0,1,0.774930596096186,0.774930596096186,2,1,1,0
0,2025-01-01 00:02:27,,99.88152500000001,0.0,0.07346999999995774,0.06546999999995773,inf,0.1031399999999727,0.08838999999996133,-0.014920000000003597,1.0,0.0,0.0,0.0,0.0,0.0,0.0,0.0,0.0,0.0,0.0,0.0,0,0,0.0,0.0,0,0,0,0
0,2025-01-01 00:02:28,,99.86832,0.0,0.07847999999995636,0.07047999999995636,inf,0.1031399999999727,0.08838999999996133,-0.00991000000000497,1.0,0.0,0.0,0.0,0.0,0.0,0.0,0.0,0.0,0.0,0.0,0.0,0,0,0.0,0.0,0,0,0,0
0,2025-01-01 00:02:29,,99.87353999999999,0.0,0.0817199999999616,0.0737199999999616,inf,0.1031399999999727,0.08838999999996133,-0.006669999999999732,1.0,0.0,0.0,0.0,0.0,0.0,0.0,0.0,0.0,0.0,0.0,0.0,0,0,0.0,0.0,0,0,0,0
0,2025-01-01 00:02:30,,99.87651,0.0,0.08372999999996011,0.07572999999996011,inf,0.1031399999999727,0.08838999999996133,-0.004660000000001219,1.0,0.0,0.0,0.0,0.0,0.0,0.0,0.0,0.0,0.0,0.0,0.0,0,0,0.0,0.0,0,0,0,0
0,2025-01-01 00:02:31,,99.87901500000001,0.0,0.08667999999995857,0.07867999999995856,inf,0.1031399999999727,0.08838999999996133,-0.0017100000000027649,1.0,0.0,0.0,0.0,0.0,0.0,0.0,0.0,0.0,0.0,0.0,0.0,0,0,0.0,0.0,0,0,0,0
0,2025-01-01 00:02:32,,99.88248,0.0,0.08084999999995546,0.07284999999995545,inf,0.1031399999999727,0.08838999999996133,-0.007540000000005875,1.0,0.0,0.0,0.0,0.0,0.0,0.0,0.0,0.0,0.0,0.0,0.0,0,0,0.0,0.0,0,0,0,0
0,2025-01-01 00:02:33,,99.87567999999999,0.0,0.08242999999995959,0.07442999999995958,inf,0.1031399999999727,0.08838999999996133,-0.005960000000001742,1.0,0.0,0.0,0.0,0.0,0.0,0.0,0.0,0.0,0.0,0.0,0.0,0,0,0.0,0.0,0,0,0,0
0,2025-01-01 00:02:34,,99.878,0.0,0.08587999999996043,0.07787999999996043,inf,0.1031399999999727,0.08838999999996133,-0.0025100000000009004,1.0,0.0,0.0,0.0,0.0,0.0,0.0,0.0,0.0,0.0,0.0,0.0,0,0,0.0,0.0,0,0,0,0
0,2025-01-01 00:02:35,,99.880935,0.0,0.07886999999995226,0.07086999999995225,inf,0.1031399999999727,0.08838999999996133,-0.009520000000009077,1.0,0.0,0.0,0.0,0.0,0.0,0.0,0.0,0.0,0.0,0.0,0.0,0,0,0.0,0.0,0,0,0,0
0,2025-01-01 00:02:36,,99.87379,0.0,0.09717999999995186,0.08917999999995185,inf,0.1031399999999727,0.08838999999996133,0.008789999999990528,1.0,0.0,0.0,0.0,0.0,0.0,0.0,0.0,0.0,0.0,0.0,0.0,0,0,0.0,0.0,0,0,0,0
0,2025-01-01 00:02:37,,99.892445,0.0,0.10237999999995395,0.09437999999995395,inf,0.1031399999999727,0.08838999999996133,0.01398999999999262,1.0,0.0,0.0,0.0,0.0,0.0,0.0,0.0,0.0,0.0,0.0,0.0,0,0,0.0,0.0,0,0,0,0
0,2025-01-01 00:02:38,,99.89718500000001,0.0,0.09022999999996273,0.08222999999996272,inf,0.1031399999999727,0.08838999999996133,0.001840000000001396,1.0,0.0,0.0,0.0,0.0,0.0,0.0,0.0,0.0,0.0,0.0,0.0,0,0,0.0,0.0,0,0,0,0
0,2025-01-01 00:02:39,,99.88527,0.0,0.09711999999996124,0.08911999999996123,inf,0.1031399999999727,0.08838999999996133,0.008729999999999905,1.0,0.0,0.0,0.0,0.0,0.0,0.0,0.0,0.0,0.0,0.0,0.0,0,0,0.0,0.0,0,0,0,0
0,2025-01-01 00:02:40,,99.89184,0.0,0.08578999999996029,0.07778999999996028,inf,0.1031399999999727,0.08838999999996133,-0.002600000000001046,1.0,0.0,0.0,0.0,0.0,0.0,0.0,0.0,0.0,0.0,0.0,0.0,0,0,0.0,0.0,0,0,0,0
1,2025-01-01 00:02:41,2025-01-01 00:02:40,99.89184,0.0,0.09461999999996351,0.0866199999999635,inf,0.1031399999999727,0.08838999999996133,0.006230000000002178,1.0,0.0,0.0,0.0,0.0,0.0,0.0,0.0,0.0,0.0,0.0,0.0,0,0,0.0,0.0,0,0,0,0
0,2025-01-01 00:02:42,,99.88996,0.0,0.10657999999995127,0.09857999999995126,inf,0.1031399999999727,0.08838999999996133,0.018189999999989936,1.0,0.0,0.0,0.0,0.0,0.0,0.0,0.0,0.0,0.0,0.0,0.0,0,0,0.0,0.0,0,0,0,0
0,2025-01-01 00:02:43,,99.90154999999999,0.0,0.0979099999999562,0.08990999999995619,inf,0.1031399999999727,0.08838999999996133,0.009519999999994866,1.0,0.0,0.0,0.0,0.0,0.0,0.0,0.0,0.0,0.0,0.0,0.0,0,0,0.0,0.0,0,0,0,0
0,2025-01-01 00:02:44,,99.89334,0.0,0.10770999999995468,0.09970999999995467,inf,0.1031399999999727,0.08838999999996133,0.019319999999993342,1.0,0.0,0.0,0.0,0.0,0.0,0.0,0.0,0.0,0.0,0.0,0.0,0,0,0.0,0.0,0,0,0,0
0,2025-01-01 00:02:45,,99.902975,0.0,0.11188999999995985,0.10388999999995985,inf,0.10388999999995985,0.08838999999996133,0.023499999999998522,1.0,0.0,0.0,0.0,0.0,0.0,0.0,0.0,0.0,0.0,0.0,0.0,0,0,0.0,0.0,0,0,0,0
1,2025-01-01 00:02:46,2025-01-01 00:02:45,99.902975,0.0,0.11969999999995196,0.11169999999995195,inf,0.11169999999995195,0.08838999999996133,0.03130999999999062,1.0,0.0,0.0,0.0,0.0,0.0,0.0,0.0,0.0,0.0,0.0,0.0,0,0,0.0,0.0,0,0,0,0
0,2025-01-01 00:02:47,,99.915325,0.0,0.13858999999996513,0.13058999999996512,inf,0.13058999999996512,0.08838999999996133,0.0502000000000038,1.0,0.0,0.0,0.0,0.0,0.0,0.0,0.0,0.0,0.0,0.0,0.0,0,0,0.0,0.0,0,0,0,0
0,2025-01-01 00:02:48,,99.93429,0.0,0.13677999999995905,0.12877999999995904,inf,0.13058999999996512,0.08838999999996133,0.04838999999999771,1.0,0.0,0.0,0.0,0.0,0.0,0.0,0.0,0.0,0.0,0.0,0.0,0,0,0.0,0.0,0,0,0,0
0,2025-01-01 00:02:49,,99.931835,0.0,0.1292699999999627,0.12126999999996269,inf,0.13058999999996512,0.08838999999996133,0.04088000000000136,1.0,0.0,0.0,0.0,0.0,0.0,0.0,0.0,0.0,0.0,0.0,0.0,0,0,0.0,0.0,0,0,0,0
0,2025-01-01 00:02:50,,99.9243,0.0,0.12021999999996069,0.11221999999996068,inf,0.13058999999996512,0.08838999999996133,0.03182999999999936,1.0,0.0,0.0,0.0,0.0,0.0,0.0,0.0,0.0,0.0,0.0,0.0,0,0,0.0,0.0,0,0,0,0
1,2025-01-01 00:02:51,2025-01-01 00:02:50,99.90724499999999,0.0,0.11245999999995604,0.10345999999995603,inf,0.13058999999996512,0.08838999999996133,0.024069999999994707,2.0,0.0,0.0,0.0,0.0,0.0,0.0,0.0,99.91627,99.9074,0.0,0.0,0,1,0.7822435575343097,0.7822435575343097,1,1,0,0
0,2025-01-01 00:02:52,,99.90724499999999,0.0,0.1107399999999501,0.10173999999995009,inf,0.13058999999996512,0.08838999999996133,0.022349999999988768,2.0,0.0,0.0,0.0,0.0,0.0,0.0,0.0,0.0,0.0,0.0,0.0,0,0,0.0,0.0,0,0,0,0
0,2025-01-01 00:02:53,,99.906475,0.0,0.11467999999995016,0.10567999999995015,inf,0.13058999999996512,0.08838999999996133,0.026289999999988822,2.0,0.0,0.0,0.0,0.0,0.0,0.0,0.0,0.0,0.0,0.0,0.0,0,0,0.0,0.0,0,0,0,0
0,2025-01-01 00:02:54,,99.909885,0.0,0.11993999999997129,0.11093999999997128,inf,0.13058999999996512,0.08838999999996133,0.03155000000000996,2.0,0.0,0.0,0.0,0.0,0.0,0.0,0.0,0.0,0.0,0.0,0.0,0,0,0.0,0.0,0,0,0,0
0,2025-01-01 00:02:55,,99.912655,0.0,0.13837999999996953,0.12937999999996952,inf,0.13058999999996512,0.08838999999996133,0.049990000000008195,2.0,0.0,0.0,0.0,0.0,0.0,0.0,0.0,0.0,0.0,0.0,0.0,0,0,0.0,0.0,0,0,0,0
0,2025-01-01 00:02:56,,99.92092500000001,0.0,0.1378199999999623,0.1288199999999623,inf,0.13058999999996512,0.08838999999996133,0.04943000000000097,2.0,0.0,0.0,0.0,0.0,0.0,0.0,0.0,0.0,0.0,0.0,0.0,0,0,0.0,0.0,0,0,0,0
0,2025-01-01 00:02:57,,99.921055,0.0,0.16713999999997498,0.15813999999997497,inf,0.15813999999997497,0.08838999999996133,0.07875000000001364,2.0,0.0,0.0,0.0,0.0,0.0,0.0,0.0,0.0,0.0,0.0,0.0,0,0,0.0,0.0,0,0,0,0
0,2025-01-01 00:02:58,,99.93559,0.0,0.15907999999997458,0.15007999999997457,inf,0.15813999999997497,0.08838999999996133,0.07069000000001324,2.0,0.0,0.0,0.0,0.0,0.0,0.0,0.0,0.0,0.0,0.0,0.0,0,0,0.0,0.0,0,0,0,1
0,2025-01-01 00:02:59,,99.93294,0.0,0.21545999999996468,0.20645999999996467,inf,0.20645999999996467,0.08838999999996133,0.12707000000000335,2.0,0.0,0.0,0.0,0.0,0.0,0.0,0.0,0.0,0.0,0.0,0.0,0,0,0.0,0.0,0,0,0,0
0,2025-01-01 00:03:00,,99.96015,0.0,0.22921999999995535,0.22021999999995534,inf,0.22021999999995534,0.08838999999996133,0.14082999999999402,2.0,0.0,0.0,0.0,0.0,0.0,0.0,0.0,0.0,0.0,0.0,0.0,0,0,0.0,0.0,0,0,0,0
0,2025-01-01 00:03:01,,99.966405,0.0,0.21289999999997633,0.20389999999997632,inf,0.22021999999995534,0.08838999999996133,0.124510000000015,2.0,0.0,0.0,0.0,0.0,0.0,0.0,0.0,0.0,0.0,0.0,0.0,0,0,0.0,0.0,0,0,0,0
0,2025-01-01 00:03:02,,99.95783,0.0,0.19213999999995224,0.18313999999995223,inf,0.22021999999995534,0.08838999999996133,0.1037499999999909,2.0,0.0,0.0,0.0,0.0,0.0,0.0,0.0,0.0,0.0,0.0,0.0,0,0,0.0,0.0,0,0,0,0
0,2025-01-01 00:03:03,,99.947125,0.0,0.19995999999996172,0.19095999999996172,inf,0.22021999999995534,0.08838999999996133,0.11157000000000039,2.0,0.0,0.0,0.0,0.0,0.0,0.0,0.0,0.0,0.0,0.0,0.0,0,0,0.0,0.0,0,0,0,0
0,2025-01-01 00:03:04,,99.951945,0.0,0.19645999999995922,0.18745999999995921,inf,0.22021999999995534,0.08838999999996133,0.10806999999999789,2.0,0.0,0.0,0.0,0.0,0.0,0.0,0.0,0.0,0.0,0.0,0.0,0,0,0.0,0.0,0,0,0,0
0,2025-01-01 00:03:05,,99.94971,0.0,0.21139999999995496,0.20239999999995495,inf,0.22021999999995534,0.08838999999996133,0.12300999999999362,2.0,0.0,0.0,0.0,0.0,0.0,0.0,0.0,0.0,0.0,0.0,0.0,0,0,0.0,0.0,0,0,0,0
-1,2025-01-01 00:03:06,2025-01-01 00:03:05,99.961585,0.008700000000004593,0.22009999999995955,0.21009999999995954,inf,0.22021999999995534,0.22009999999995955,0.0,0.0,0.0,99.95656,99.96091,0.0,0.0,0.0,0.0,0.0,0.0,2.0,0.0,0,0,0.7982593195680102,0.7982593195680102,1,0,1,0
0,2025-01-01 00:03:07,,99.961585,0.0,0.22009999999995955,0.21009999999995954,inf,0.22021999999995534,0.22009999999995955,0.0,0.0,0.0,0.0,0.0,0.0,0.0,0.0,0.0,0.0,0.0,0.0,0.0,0,0,0.0,0.0,0,0,0,0
0,2025-01-01 00:03:08,,99.96086,0.0,0.22009999999995955,0.21009999999995954,inf,0.22021999999995534,0.22009999999995955,0.0,0.0,0.0,0.0,0.0,0.0,0.0,0.0,0.0,0.0,0.0,0.0,0.0,0,0,0.0,0.0,0,0,0,0
0,2025-01-01 00:03:09,,99.95238499999999,0.0,0.22009999999995955,0.21009999999995954,inf,0.22021999999995534,0.22009999999995955,0.0,0.0,0.0,0.0,0.0,0.0,0.0,0.0,0.0,0.0,0.0,0.0,0.0,0,0,0.0,0.0,0,0,0,0
0,2025-01-01 00:03:10,,99.93724,0.0,0.22009999999995955,0.21009999999995954,inf,0.22021999999995534,0.22009999999995955,0.0,0.0,0.0,0.0,0.0,0.0,0.0,0.0,0.0,0.0,0.0,0.0,0.0,0,0,0.0,0.0,0,0,0,0
0,2025-01-01 00:03:11,,99.93277499999999,0.0,0.22009999999995955,0.21009999999995954,inf,0.22021999999995534,0.22009999999995955,0.0,0.0,0.0,0.0,0.0,0.0,0.0,0.0,0.0,0.0,0.0,0.0,0.0,0,0,0.0,0.0,0,0,0,0
0,2025-01-01 00:03:12,,99.94134,0.0,0.22009999999995955,0.21009999999995954,inf,0.22021999999995534,0.22009999999995955,0.0,0.0,0.0,0.0,0.0,0.0,0.0,0.0,0.0,0.0,0.0,0.0,0.0,0,0,0.0,0.0,0,0,0,0
0,2025-01-01 00:03:13,,99.94348,0.0,0.22009999999995955,0.21009999999995954,inf,0.22021999999995534,0.22009999999995955,0.0,0.0,0.0,0.0,0.0,0.0,0.0,0.0,0.0,0.0,0.0,0.0,0.0,0,0,0.0,0.0,0,0,0,0
0,2025-01-01 00:03:14,,99.93101999999999,0.0,0.22009999999995955,0.21009999999995954,inf,0.22021999999995534,0.22009999999995955,0.0,0.0,0.0,0.0,0.0,0.0,0.0,0.0,0.0,0.0,0.0,0.0,0.0,0,0,0.0,0.0,0,0,0,0
0,2025-01-01 00:03:15,,99.932755,0.0,0.22009999999995955,0.21009999999995954,inf,0.22021999999995534,0.22009999999995955,0.0,0.0,0.0,0.0,0.0,0.0,0.0,0.0,0.0,0.0,0.0,0.0,0.0,0,0,0.0,0.0,0,0,0,0
0,2025-01-01 00:03:16,,99.93661,0.0,0.22009999999995955,0.21009999999995954,inf,0.22021999999995534,0.22009999999995955,0.0,0.0,0.0,0.0,0.0,0.0,0.0,0.0,0.0,0.0,0.0,0.0,0.0,0,0,0.0,0.0,0,0,0,0
0,2025-01-01 00:03:17,,99.92777000000001,0.0,0.22009999999995955,0.21009999999995954,inf,0.22021999999995534,0.22009999999995955,0.0,0.0,0.0,0.0,0.0,0.0,0.0,0.0,0.0,0.0,0.0,0.0,0.0,0,0,0.0,0.0,0,0,0,0
0,2025-01-01 00:03:18,,99.929305,0.0,0.22009999999995955,0.21009999999995954,inf,0.22021999999995534,0.22009999999995955,0.0,0.0,0.0,0.0,0.0,0.0,0.0,0.0,0.0,0.0,0.0,0.0,0.0,0,0,0.0,0.0,0,0,0,0
0,2025-01-01 00:03:19,,99.92989,0.0,0.22009999999995955,0.21009999999995954,inf,0.22021999999995534,0.22009999999995955,0.0,0.0,0.0,0.0,0.0,0.0,0.0,0.0,0.0,0.0,0.0,0.0,0.0,0,0,0.0,0.0,0,0,0,0
0,2025-01-01 00:03:20,,99.91846,0.0,0.22009999999995955,0.21009999999995954,inf,0.22021999999995534,0.22009999999995955,0.0,0.0,0.0,0.0,0.0,0.0,0.0,0.0,0.0,0.0,0.0,0.0,0.0,0,0,0.0,0.0,0,0,0,0
-1,2025-01-01 00:03:21,2025-01-01 00:03:20,99.927645,0.0051200000000051205,0.21618999999996902,0.205189999999969,inf,0.22021999999995534,0.22009999999995955,-0.003909999999990532,0.0,1.0,0.0,0.0,0.0,0.0,99.92057,99.92569,0.0,0.0,0.0,0.0,1,0,0.7979504769994524,0.7979504769994524,1,1,0,0
0,2025-01-01 00:03:22,,99.927645,0.0,0.20700999999996839,0.19600999999996838,inf,0.22021999999995534,0.22009999999995955,-0.013089999999991164,0.0,1.0,0.0,0.0,0.0,0.0,0.0,0.0,0.0,0.0,0.0,0.0,0,0,0.0,0.0,0,0,0,0
0,2025-01-01 00:03:23,,99.938475,0.0,0.19549999999996714,0.18449999999996713,inf,0.22021999999995534,0.22009999999995955,-0.024599999999992406,0.0,1.0,0.0,0.0,0.0,0.0,0.0,0.0,0.0,0.0,0.0,0.0,0,0,0.0,0.0,0,0,0,0
0,2025-01-01 00:03:24,,99.94901,0.0,0.20987999999995566,0.19887999999995565,inf,0.22021999999995534,0.22009999999995955,-0.010220000000003893,0.0,1.0,0.0,0.0,0.0,0.0,0.0,0.0,0.0,0.0,0.0,0.0,0,0,0.0,0.0,0,0,0,0
0,2025-01-01 00:03:25,,99.935235,0.0,0.21917999999996596,0.20817999999996595,inf,0.22021999999995534,0.22009999999995955,-0.0009199999999935926,0.0,1.0,0.0,0.0,0.0,0.0,0.0,0.0,0.0,0.0,0.0,0.0,0,0,0.0,0.0,0,0,0,0
0,2025-01-01 00:03:26,,99.925855,0.0,0.21407999999996719,0.20307999999996718,inf,0.22021999999995534,0.22009999999995955,-0.006019999999992365,0.0,1.0,0.0,0.0,0.0,0.0,0.0,0.0,0.0,0.0,0.0,0.0,0,0,0.0,0.0,0,0,0,0
0,2025-01-01 00:03:27,,99.931005,0.0,0.20907999999995752,0.1980799999999575,inf,0.22021999999995534,0.22009999999995955,-0.011020000000002028,0.0,1.0,0.0,0.0,0.0,0.0,0.0,0.0,0.0,0.0,0.0,0.0,0,0,0.0,0.0,0,0,0,0
0,2025-01-01 00:03:28,,99.93614500000001,0.0,0.2034699999999674,0.1924699999999674,inf,0.22021999999995534,0.22009999999995955,-0.01662999999999215,0.0,1.0,0.0,0.0,0.0,0.0,0.0,0.0,0.0,0.0,0.0,0.0,0,0,0.0,0.0,0,0,0,0
0,2025-01-01 00:03:29,,99.941295,0.0,0.16537999999995634,0.15437999999995633,inf,0.22021999999995534,0.22009999999995955,-0.05472000000000321,0.0,1.0,0.0,0.0,0.0,0.0,0.0,0.0,0.0,0.0,0.0,0.0,0,0,0.0,0.0,0,0,0,0
0,2025-01-01 00:03:30,,99.979825,0.0,0.15911999999995885,0.14811999999995884,inf,0.22021999999995534,0.22009999999995955,-0.0609800000000007,0.0,1.0,0.0,0.0,0.0,0.0,0.0,0.0,0.0,0.0,0.0,0.0,0,0,0.0,0.0,0,0,0,0
1,2025-01-01 00:03:31,2025-01-01 00:03:30,99.979825,0.0,0.1479299999999597,0.1369299999999597,inf,0.22021999999995534,0.22009999999995955,-0.07216999999999985,0.0,1.0,0.0,0.0,0.0,0.0,0.0,0.0,0.0,0.0,0.0,0.0,0,0,0.0,0.0,0,0,0,0
0,2025-01-01 00:03:32,,99.99688499999999,0.0,0.13847999999995864,0.12747999999995863,inf,0.22021999999995534,0.22009999999995955,-0.08162000000000091,0.0,1.0,0.0,0.0,0.0,0.0,0.0,0.0,0.0,0.0,0.0,0.0,0,0,0.0,0.0,0,0,0,0
0,2025-01-01 00:03:33,,100.00643,0.0,0.13229999999995812,0.12129999999995811,inf,0.22021999999995534,0.22009999999995955,-0.08780000000000143,0.0,1.0,0.0,0.0,0.0,0.0,0.0,0.0,0.0,0.0,0.0,0.0,0,0,0.0,0.0,0,0,0,0
0,2025-01-01 00:03:34,,100.012945,0.0,0.13528999999996927,0.12428999999996926,inf,0.22021999999995534,0.22009999999995955,-0.08480999999999028,0.0,1.0,0.0,0.0,0.0,0.0,0.0,0.0,0.0,0.0,0.0,0.0,0,0,0.0,0.0,0,0,0,0
0,2025-01-01 00:03:35,,100.00979,0.0,0.12702999999996223,0.11602999999996222,inf,0.22021999999995534,0.22009999999995955,-0.09306999999999732,0.0,1.0,0.0,0.0,0.0,0.0,0.0,0.0,0.0,0.0,0.0,0.0,0,0,0.0,0.0,0,0,0,0
1,2025-01-01 00:03:36,2025-01-01 00:03:35,100.00965,0.0,0.134889999999956,0.12388999999995598,inf,0.22021999999995534,0.22009999999995955,-0.08521000000000356,0.0,1.0,0.0,0.0,0.0,0.0,0.0,0.0,0.0,0.0,0.0,0.0,0,0,0.7842817132932771,0.7842817132932771,0,0,0,0
0,2025-01-01 00:03:37,,100.00965,0.0,0.1379999999999626,0.1269999999999626,inf,0.22021999999995534,0.22009999999995955,-0.08209999999999695,0.0,1.0,0.0,0.0,0.0,0.0,0.0,0.0,0.0,0.0,0.0,0.0,0,0,0.0,0.0,0,0,0,0
0,2025-01-01 00:03:38,,100.00728000000001,0.0,0.1423099999999664,0.1313099999999664,inf,0.22021999999995534,0.22009999999995955,-0.07778999999999314,0.0,1.0,0.0,0.0,0.0,0.0,0.0,0.0,0.0,0.0,0.0,0.0,0,0,0.0,0.0,0,0,0,0
0,2025-01-01 00:03:39,,100.00243,0.0,0.14116999999995983,0.13016999999995982,inf,0.22021999999995534,0.22009999999995955,-0.07892999999999972,0.0,1.0,0.0,0.0,0.0,0.0,0.0,0.0,0.0,0.0,0.0,0.0,0,0,0.0,0.0,0,0,0,0
0,2025-01-01 00:03:40,,100.00324499999999,0.0,0.11922999999995909,0.10822999999995908,inf,0.22021999999995534,0.22009999999995955,-0.10087000000000046,0.0,1.0,0.0,0.0,0.0,0.0,0.0,0.0,0.0,0.0,0.0,0.0,0,0,0.0,0.0,0,0,0,0
1,2025-01-01 00:03:41,2025-01-01 00:03:40,100.00772,0.035140000000012606,0.13425999999996918,0.12125999999996918,inf,0.22021999999995534,0.1367999999999654,-0.002539999999996212,1.0,0.0,0.0,0.0,100.02656,100.00899,0.0,0.0,100.02656,100.00899,0.0,1.0,0,1,0.7648631588020324,0.7648631588020324,2,1,1,0
0,2025-01-01 00:03:42,,100.00772,0.0,0.14172999999996705,0.12872999999996704,inf,0.22021999999995534,0.1367999999999654,0.004930000000001655,1.0,0.0,0.0,0.0,0.0,0.0,0.0,0.0,0.0,0.0,0.0,0.0,0,0,0.0,0.0,0,0,0,0
0,2025-01-01 00:03:43,,100.014585,0.0,0.12497999999996523,0.11197999999996523,inf,0.22021999999995534,0.1367999999999654,-0.011820000000000164,1.0,0.0,0.0,0.0,0.0,0.0,0.0,0.0,0.0,0.0,0.0,0.0,0,0,0.0,0.0,0,0,0,0
0,2025-01-01 00:03:44,,99.998455,0.0,0.12092999999997289,0.1079299999999729,inf,0.22021999999995534,0.1367999999999654,-0.0158699999999925,1.0,0.0,0.0,0.0,0.0,0.0,0.0,0.0,0.0,0.0,0.0,0.0,0,0,0.0,0.0,0,0,0,0
0,2025-01-01 00:03:45,,99.99374,0.0,0.13233999999997081,0.11933999999997082,inf,0.22021999999995534,0.1367999999999654,-0.004459999999994579,1.0,0.0,0.0,0.0,0.0,0.0,0.0,0.0,0.0,0.0,0.0,0.0,0,0,0.0,0.0,0,0,0,0
1,2025-01-01 00:03:46,2025-01-01 00:03:45,99.99374,0.0,0.13288999999997486,0.11988999999997486,inf,0.22021999999995534,0.1367999999999654,-0.003909999999990532,1.0,0.0,0.0,0.0,0.0,0.0,0.0,0.0,0.0,0.0,0.0,0.0,0,0,0.0,0.0,0,0,0,0
0,2025-01-01 00:03:47,,100.00527,0.0,0.1212799999999703,0.1082799999999703,inf,0.22021999999995534,0.1367999999999654,-0.015519999999995093,1.0,0.0,0.0,0.0,0.0,0.0,0.0,0.0,0.0,0.0,0.0,0.0,0,0,0.0,0.0,0,0,0,0
0,2025-01-01 00:03:48,,99.994495,0.0,0.11401999999996804,0.10101999999996804,inf,0.22021999999995534,0.1367999999999654,-0.022779999999997358,1.0,0.0,0.0,0.0,0.0,0.0,0.0,0.0,0.0,0.0,0.0,0.0,0,0,0.0,0.0,0,0,0,0
0,2025-01-01 00:03:49,,99.98734,0.0,0.12139999999996576,0.10839999999996576,inf,0.22021999999995534,0.1367999999999654,-0.015399999999999636,1.0,0.0,0.0,0.0,0.0,0.0,0.0,0.0,0.0,0.0,0.0,0.0,0,0,0.0,0.0,0,0,0,0
0,2025-01-01 00:03:50,,99.994135,0.0,0.11331999999997322,0.10031999999997322,inf,0.22021999999995534,0.1367999999999654,-0.023479999999992174,1.0,0.0,0.0,0.0,0.0,0.0,0.0,0.0,0.0,0.0,0.0,0.0,0,0,0.0,0.0,0,0,0,0
-1,2025-01-01 00:03:51,2025-01-01 00:03:50,99.989,0.0033199999999879992,0.11663999999996122,0.10263999999996122,inf,0.22021999999995534,0.11663999999996122,0.0,0.0,0.0,99.98551,99.98883,0.0,0.0,0.0,0.0,0.0,0.0,1.0,0.0,0,0,0.798671851645831,0.798671851645831,1,0,1,0
0,2025-01-01 00:03:52,,99.989,0.0,0.11663999999996122,0.10263999999996122,inf,0.22021999999995534,0.11663999999996122,0.0,0.0,0.0,0.0,0.0,0.0,0.0,0.0,0.0,0.0,0.0,0.0,0.0,0,0,0.0,0.0,0,0,0,0
0,2025-01-01 00:03:53,,99.98945499999999,0.0,0.11663999999996122,0.10263999999996122,inf,0.22021999999995534,0.11663999999996122,0.0,0.0,0.0,0.0,0.0,0.0,0.0,0.0,0.0,0.0,0.0,0.0,0.0,0,0,0.0,0.0,0,0,0,0
0,2025-01-01 00:03:54,,99.982935,0.0,0.11663999999996122,0.10263999999996122,inf,0.22021999999995534,0.11663999999996122,0.0,0.0,0.0,0.0,0.0,0.0,0.0,0.0,0.0,0.0,0.0,0.0,0.0,0,0,0.0,0.0,0,0,0,0
0,2025-01-01 00:03:55,,100.004375,0.0,0.11663999999996122,0.10263999999996122,inf,0.22021999999995534,0.11663999999996122,0.0,0.0,0.0,0.0,0.0,0.0,0.0,0.0,0.0,0.0,0.0,0.0,0.0,0,0,0.0,0.0,0,0,0,0
0,2025-01-01 00:03:56,,100.010715,0.0,0.11663999999996122,0.10263999999996122,inf,0.22021999999995534,0.11663999999996122,0.0,0.0,0.0,0.0,0.0,0.0,0.0,0.0,0.0,0.0,0.0,0.0,0.0,0,0,0.0,0.0,0,0,0,0
0,2025-01-01 00:03:57,,99.99046,0.0,0.11663999999996122,0.10263999999996122,inf,0.22021999999995534,0.11663999999996122,0.0,0.0,0.0,0.0,0.0,0.0,0.0,0.0,0.0,0.0,0.0,0.0,0.0,0,0,0.0,0.0,0,0,0,0
0,2025-01-01 00:03:58,,99.99233,0.0,0.11663999999996122,0.10263999999996122,inf,0.22021999999995534,0.11663999999996122,0.0,0.0,0.0,0.0,0.0,0.0,0.0,0.0,0.0,0.0,0.0,0.0,0.0,0,0,0.0,0.0,0,0,0,0
0,2025-01-01 00:03:59,,99.98571000000001,0.0,0.11663999999996122,0.10263999999996122,inf,0.22021999999995534,0.11663999999996122,0.0,0.0,0.0,0.0,0.0,0.0,0.0,0.0,0.0,0.0,0.0,0.0,0.0,0,0,0.0,0.0,0,0,0,0
0,2025-01-01 00:04:00,,99.994235,0.0,0.11663999999996122,0.10263999999996122,inf,0.22021999999995534,0.11663999999996122,0.0,0.0,0.0,0.0,0.0,0.0,0.0,0.0,0.0,0.0,0.0,0.0,0.0,0,0,0.0,0.0,0,0,0,0
1,2025-01-01 00:04:01,2025-01-01 00:04:00,99.985165,0.0,0.11663999999996122,0.10263999999996122,inf,0.22021999999995534,0.11663999999996122,0.0,0.0,0.0,0.0,0.0,0.0,0.0,0.0,0.0,0.0,0.0,0.0,0.0,0,0,0.7957393864716855,0.7957393864716855,0,0,0,0
0,2025-01-01 00:04:02,,99.985165,0.0,0.11663999999996122,0.10263999999996122,inf,0.22021999999995534,0.11663999999996122,0.0,0.0,0.0,0.0,0.0,0.0,0.0,0.0,0.0,0.0,0.0,0.0,0.0,0,0,0.0,0.0,0,0,0,0
0,2025-01-01 00:04:03,,99.990215,0.0,0.11663999999996122,0.10263999999996122,inf,0.22021999999995534,0.11663999999996122,0.0,0.0,0.0,0.0,0.0,0.0,0.0,0.0,0.0,0.0,0.0,0.0,0.0,0,0,0.0,0.0,0,0,0,0
0,2025-01-01 00:04:04,,99.99887000000001,0.0,0.11663999999996122,0.10263999999996122,inf,0.22021999999995534,0.11663999999996122,0.0,0.0,0.0,0.0,0.0,0.0,0.0,0.0,0.0,0.0,0.0,0.0,0.0,0,0,0.0,0.0,0,0,0,0
0,2025-01-01 00:04:05,,99.986865,0.0,0.11663999999996122,0.10263999999996122,inf,0.22021999999995534,0.11663999999996122,0.0,0.0,0.0,0.0,0.0,0.0,0.0,0.0,0.0,0.0,0.0,0.0,0.0,0,0,0.0,0.0,0,0,0,0
1,2025-01-01 00:04:06,2025-01-01 00:04:05,99.97877,0.0,0.11405999999996652,0.09905999999996652,inf,0.22021999999995534,0.11663999999996122,-0.0025799999999946976,1.0,0.0,0.0,0.0,0.0,0.0,0.0,0.0,99.98412,99.98006,0.0,0.0,0,1,0.791878380549083,0.791878380549083,1,1,0,0
0,2025-01-01 00:04:07,,99.97877,0.0,0.10791999999996449,0.09291999999996449,inf,0.22021999999995534,0.11663999999996122,-0.00871999999999673,1.0,0.0,0.0,0.0,0.0,0.0,0.0,0.0,0.0,0.0,0.0,0.0,0,0,0.0,0.0,0,0,0,0
0,2025-01-01 00:04:08,,99.97224,0.0,0.12528999999996415,0.11028999999996415,inf,0.22021999999995534,0.11663999999996122,0.008650000000002933,1.0,0.0,0.0,0.0,0.0,0.0,0.0,0.0,0.0,0.0,0.0,0.0,0,0,0.0,0.0,0,0,0,0
0,2025-01-01 00:04:09,,99.98989499999999,0.0,0.12981999999996674,0.11481999999996674,inf,0.22021999999995534,0.11663999999996122,0.01318000000000552,1.0,0.0,0.0,0.0,0.0,0.0,0.0,0.0,0.0,0.0,0.0,0.0,0,0,0.0,0.0,0,0,0,0
0,2025-01-01 00:04:10,,99.99394000000001,0.0,0.11686999999996317,0.10186999999996317,inf,0.22021999999995534,0.11663999999996122,0.00023000000000195087,1.0,0.0,0.0,0.0,0.0,0.0,0.0,0.0,0.0,0.0,0.0,0.0,0,0,0.0,0.0,0,0,0,0
-1,2025-01-01 00:04:11,2025-01-01 00:04:10,99.99051,0.0093000000000103,0.12616999999997347,0.11016999999997347,inf,0.22021999999995534,0.12616999999997347,0.0,0.0,0.0,99.98029,99.98959,0.0,0.0,0.0,0.0,0.0,0.0,1.0,0.0,0,0,0.796279612707676,0.796279612707676,1,0,1,0
0,2025-01-01 00:04:12,,99.99051,0.0,0.12616999999997347,0.11016999999997347,inf,0.22021999999995534,0.12616999999997347,0.0,0.0,0.0,0.0,0.0,0.0,0.0,0.0,0.0,0.0,0.0,0.0,0.0,0,0,0.0,0.0,0,0,0,0
0,2025-01-01 00:04:13,,100.01173499999999,0.0,0.12616999999997347,0.11016999999997347,inf,0.22021999999995534,0.12616999999997347,0.0,0.0,0.0,0.0,0.0,0.0,0.0,0.0,0.0,0.0,0.0,0.0,0.0,0,0,0.0,0.0,0,0,0,0
0,2025-01-01 00:04:14,,100.02206000000001,0.0,0.12616999999997347,0.11016999999997347,inf,0.22021999999995534,0.12616999999997347,0.0,0.0,0.0,0.0,0.0,0.0,0.0,0.0,0.0,0.0,0.0,0.0,0.0,0,0,0.0,0.0,0,0,0,0
0,2025-01-01 00:04:15,,100.006865,0.0,0.12616999999997347,0.11016999999997347,inf,0.22021999999995534,0.12616999999997347,0.0,0.0,0.0,0.0,0.0,0.0,0.0,0.0,0.0,0.0,0.0,0.0,0.0,0,0,0.0,0.0,0,0,0,0
0,2025-01-01 00:04:16,,100.002025,0.0,0.12616999999997347,0.11016999999997347,inf,0.22021999999995534,0.12616999999997347,0.0,0.0,0.0,0.0,0.0,0.0,0.0,0.0,0.0,0.0,0.0,0.0,0.0,0,0,0.0,0.0,0,0,0,0
0,2025-01-01 00:04:17,,100.014695,0.0,0.12616999999997347,0.11016999999997347,inf,0.22021999999995534,0.12616999999997347,0.0,0.0,0.0,0.0,0.0,0.0,0.0,0.0,0.0,0.0,0.0,0.0,0.0,0,0,0.0,0.0,0,0,0,0
0,2025-01-01 00:04:18,,100.00761499999999,0.0,0.12616999999997347,0.11016999999997347,inf,0.22021999999995534,0.12616999999997347,0.0,0.0,0.0,0.0,0.0,0.0,0.0,0.0,0.0,0.0,0.0,0.0,0.0,0,0,0.0,0.0,0,0,0,0
0,2025-01-01 00:04:19,,100.012055,0.0,0.12616999999997347,0.11016999999997347,inf,0.22021999999995534,0.12616999999997347,0.0,0.0,0.0,0.0,0.0,0.0,0.0,0.0,0.0,0.0,0.0,0.0,0.0,0,0,0.0,0.0,0,0,0,0
0,2025-01-01 00:04:20,,100.0198,0.0,0.12616999999997347,0.11016999999997347,inf,0.22021999999995534,0.12616999999997347,0.0,0.0,0.0,0.0,0.0,0.0,0.0,0.0,0.0,0.0,0.0,0.0,0.0,0,0,0.0,0.0,0,0,0,0
-1,2025-01-01 00:04:21,2025-01-01 00:04:20,100.0198,0.0,0.12616999999997347,0.11016999999997347,inf,0.22021999999995534,0.12616999999997347,0.0,0.0,0.0,0.0,0.0,0.0,0.0,0.0,0.0,0.0,0.0,0.0,0.0,0,0,0.0,0.0,0,0,0,0
0,2025-01-01 00:04:22,,100.00993500000001,0.0,0.12616999999997347,0.11016999999997347,inf,0.22021999999995534,0.12616999999997347,0.0,0.0,0.0,0.0,0.0,0.0,0.0,0.0,0.0,0.0,0.0,0.0,0.0,0,0,0.0,0.0,0,0,0,0
0,2025-01-01 00:04:23,,99.977525,0.0,0.12616999999997347,0.11016999999997347,inf,0.22021999999995534,0.12616999999997347,0.0,0.0,0.0,0.0,0.0,0.0,0.0,0.0,0.0,0.0,0.0,0.0,0.0,0,0,0.0,0.0,0,0,0,0
0,2025-01-01 00:04:24,,99.96728,0.0,0.12616999999997347,0.11016999999997347,inf,0.22021999999995534,0.12616999999997347,0.0,0.0,0.0,0.0,0.0,0.0,0.0,0.0,0.0,0.0,0.0,0.0,0.0,0,0,0.0,0.0,0,0,0,0
0,2025-01-01 00:04:25,,99.96475000000001,0.0,0.12616999999997347,0.11016999999997347,inf,0.22021999999995534,0.12616999999997347,0.0,0.0,0.0,0.0,0.0,0.0,0.0,0.0,0.0,0.0,0.0,0.0,0.0,0,0,0.0,0.0,0,0,0,0
-1,2025-01-01 00:04:26,2025-01-01 00:04:25,99.96860000000001,0.0,0.12616999999997347,0.11016999999997347,inf,0.22021999999995534,0.12616999999997347,0.0,0.0,0.0,0.0,0.0,0.0,0.0,0.0,0.0,0.0,0.0,0.0,0.0,0,0,0.7931578501965275,0.7931578501965275,0,0,0,0
0,2025-01-01 00:04:27,,99.96860000000001,0.0,0.12616999999997347,0.11016999999997347,inf,0.22021999999995534,0.12616999999997347,0.0,0.0,0.0,0.0,0.0,0.0,0.0,0.0,0.0,0.0,0.0,0.0,0.0,0,0,0.0,0.0,0,0,0,0
0,2025-01-01 00:04:28,,99.954295,0.0,0.12616999999997347,0.11016999999997347,inf,0.22021999999995534,0.12616999999997347,0.0,0.0,0.0,0.0,0.0,0.0,0.0,0.0,0.0,0.0,0.0,0.0,0.0,0,0,0.0,0.0,0,0,0,0
0,2025-01-01 00:04:29,,99.949895,0.0,0.12616999999997347,0.11016999999997347,inf,0.22021999999995534,0.12616999999997347,0.0,0.0,0.0,0.0,0.0,0.0,0.0,0.0,0.0,0.0,0.0,0.0,0.0,0,0,0.0,0.0,0,0,0,0
0,2025-01-01 00:04:30,,99.95120499999999,0.0,0.12616999999997347,0.11016999999997347,inf,0.22021999999995534,0.12616999999997347,0.0,0.0,0.0,0.0,0.0,0.0,0.0,0.0,0.0,0.0,0.0,0.0,0.0,0,0,0.0,0.0,0,0,0,0
1,2025-01-01 00:04:31,2025-01-01 00:04:30,99.95126,0.0,0.12248999999997068,0.10548999999997068,inf,0.22021999999995534,0.12616999999997347,-0.003680000000002792,1.0,0.0,0.0,0.0,0.0,0.0,0.0,0.0,99.96663,99.9531,0.0,0.0,0,1,0.7729273029050879,0.7729273029050879,1,1,0,0
0,2025-01-01 00:04:32,,99.95126,0.0,0.13479999999997005,0.11779999999997005,inf,0.22021999999995534,0.12616999999997347,0.008629999999996585,1.0,0.0,0.0,0.0,0.0,0.0,0.0,0.0,0.0,0.0,0.0,0.0,0,0,0.0,0.0,0,0,0,0
0,2025-01-01 00:04:33,,99.96289,0.0,0.1351699999999738,0.11816999999997381,inf,0.22021999999995534,0.12616999999997347,0.009000000000000341,1.0,0.0,0.0,0.0,0.0,0.0,0.0,0.0,0.0,0.0,0.0,0.0,0,0,0.0,0.0,0,0,0,0
0,2025-01-01 00:04:34,,99.96299,0.0,0.12482999999996025,0.10782999999996025,inf,0.22021999999995534,0.12616999999997347,-0.0013400000000132195,1.0,0.0,0.0,0.0,0.0,0.0,0.0,0.0,0.0,0.0,0.0,0.0,0,0,0.0,0.0,0,0,0,0
0,2025-01-01 00:04:35,,99.95317499999999,0.0,0.13075999999996668,0.11375999999996668,inf,0.22021999999995534,0.12616999999997347,0.004589999999993211,1.0,0.0,0.0,0.0,0.0,0.0,0.0,0.0,0.0,0.0,0.0,0.0,0,0,0.0,0.0,0,0,0,0
1,2025-01-01 00:04:36,2025-01-01 00:04:35,99.95317499999999,0.0,0.1317399999999651,0.1147399999999651,inf,0.22021999999995534,0.12616999999997347,0.005569999999991637,1.0,0.0,0.0,0.0,0.0,0.0,0.0,0.0,0.0,0.0,0.0,0.0,0,0,0.0,0.0,0,0,0,0
0,2025-01-01 00:04:37,,99.95979,0.0,0.12546999999996444,0.10846999999996444,inf,0.22021999999995534,0.12616999999997347,-0.0007000000000090267,1.0,0.0,0.0,0.0,0.0,0.0,0.0,0.0,0.0,0.0,0.0,0.0,0,0,0.0,0.0,0,0,0,0
0,2025-01-01 00:04:38,,99.953785,0.0,0.1272899999999737,0.1102899999999737,inf,0.22021999999995534,0.12616999999997347,0.001120000000000232,1.0,0.0,0.0,0.0,0.0,0.0,0.0,0.0,0.0,0.0,0.0,0.0,0,0,0.0,0.0,0,0,0,0
0,2025-01-01 00:04:39,,99.954485,0.0,0.1221299999999701,0.1051299999999701,inf,0.22021999999995534,0.12616999999997347,-0.004040000000003374,1.0,0.0,0.0,0.0,0.0,0.0,0.0,0.0,0.0,0.0,0.0,0.0,0,0,0.0,0.0,0,0,0,0
0,2025-01-01 00:04:40,,99.95063,0.0,0.12366999999996153,0.10666999999996153,inf,0.22021999999995534,0.12616999999997347,-0.002500000000011937,1.0,0.0,0.0,0.0,0.0,0.0,0.0,0.0,0.0,0.0,0.0,0.0,0,0,0.0,0.0,0,0,0,0
0,2025-01-01 00:04:41,,99.95177,0.0,0.13066999999996654,0.11366999999996653,inf,0.22021999999995534,0.12616999999997347,0.004499999999993065,1.0,0.0,0.0,0.0,0.0,0.0,0.0,0.0,0.0,0.0,0.0,0.0,0,0,0.0,0.0,0,0,0,0
0,2025-01-01 00:04:42,,99.95839000000001,0.0,0.14599999999997237,0.12899999999997236,inf,0.22021999999995534,0.12616999999997347,0.019829999999998904,1.0,0.0,0.0,0.0,0.0,0.0,0.0,0.0,0.0,0.0,0.0,0.0,0,0,0.0,0.0,0,0,0,0
0,2025-01-01 00:04:43,,99.97425000000001,0.0,0.13280999999996368,0.11580999999996368,inf,0.22021999999995534,0.12616999999997347,0.006639999999990209,1.0,0.0,0.0,0.0,0.0,0.0,0.0,0.0,0.0,0.0,0.0,0.0,0,0,0.0,0.0,0,0,0,0
0,2025-01-01 00:04:44,,99.96187499999999,0.0,0.155179999999973,0.138179999999973,inf,0.22021999999995534,0.12616999999997347,0.029009999999999536,1.0,0.0,0.0,0.0,0.0,0.0,0.0,0.0,0.0,0.0,0.0,0.0,0,0,0.0,0.0,0,0,0,0
0,2025-01-01 00:04:45,,99.98320000000001,0.0,0.1356299999999635,0.1186299999999635,inf,0.22021999999995534,0.12616999999997347,0.009459999999990032,1.0,0.0,0.0,0.0,0.0,0.0,0.0,0.0,0.0,0.0,0.0,0.0,0,0,0.0,0.0,0,0,0,0
0,2025-01-01 00:04:46,,99.96368,0.0,0.1344599999999616,0.11745999999996161,inf,0.22021999999995534,0.12616999999997347,0.00828999999998814,1.0,0.0,0.0,0.0,0.0,0.0,0.0,0.0,0.0,0.0,0.0,0.0,0,0,0.0,0.0,0,0,0,0
0,2025-01-01 00:04:47,,99.96216,0.0,0.14053999999997302,0.12353999999997302,inf,0.22021999999995534,0.12616999999997347,0.01436999999999955,1.0,0.0,0.0,0.0,0.0,0.0,0.0,0.0,0.0,0.0,0.0,0.0,0,0,0.0,0.0,0,0,0,0
0,2025-01-01 00:04:48,,99.968045,0.0,0.14250999999997305,0.12550999999997303,inf,0.22021999999995534,0.12616999999997347,0.016339999999999577,1.0,0.0,0.0,0.0,0.0,0.0,0.0,0.0,0.0,0.0,0.0,0.0,0,0,0.0,0.0,0,0,0,0
0,2025-01-01 00:04:49,,99.970855,0.0,0.13712999999997066,0.12012999999997066,inf,0.22021999999995534,0.12616999999997347,0.010959999999997194,1.0,0.0,0.0,0.0,0.0,0.0,0.0,0.0,0.0,0.0,0.0,0.0,0,0,0.0,0.0,0,0,0,0
0,2025-01-01 00:04:50,,99.96463,0.0,0.13457999999997128,0.11757999999997128,inf,0.22021999999995534,0.12616999999997347,0.008409999999997808,1.0,0.0,0.0,0.0,0.0,0.0,0.0,0.0,0.0,0.0,0.0,0.0,0,0,0.0,0.0,0,0,0,0
1,2025-01-01 00:04:51,2025-01-01 00:04:50,99.95762,0.0,0.12840999999997393,0.11040999999997393,inf,0.22021999999995534,0.12616999999997347,0.002240000000000464,2.0,0.0,0.0,0.0,0.0,0.0,0.0,0.0,99.96358,99.95838,0.0,0.0,0,1,0.789595669717777,0.789595669717777,1,1,0,0
0,2025-01-01 00:04:52,,99.95762,0.0,0.11564999999995962,0.09764999999995962,inf,0.22021999999995534,0.12616999999997347,-0.010520000000013852,2.0,0.0,0.0,0.0,0.0,0.0,0.0,0.0,0.0,0.0,0.0,0.0,0,0,0.0,0.0,0,0,0,0
0,2025-01-01 00:04:53,,99.95172,0.0,0.13278999999997154,0.11478999999997154,inf,0.22021999999995534,0.12616999999997347,0.006619999999998072,2.0,0.0,0.0,0.0,0.0,0.0,0.0,0.0,0.0,0.0,0.0,0.0,0,0,0.0,0.0,0,0,0,0
0,2025-01-01 00:04:54,,99.96021999999999,0.0,0.13922999999996932,0.12122999999996932,inf,0.22021999999995534,0.12616999999997347,0.013059999999995853,2.0,0.0,0.0,0.0,0.0,0.0,0.0,0.0,0.0,0.0,0.0,0.0,0,0,0.0,0.0,0,0,0,0
0,2025-01-01 00:04:55,,99.96379,0.0,0.1269299999999589,0.1089299999999589,inf,0.22021999999995534,0.12616999999997347,0.000759999999985439,2.0,0.0,0.0,0.0,0.0,0.0,0.0,0.0,0.0,0.0,0.0,0.0,0,0,0.0,0.0,0,0,0,0
0,2025-01-01 00:04:56,,99.956865,0.0,0.14466999999996233,0.1266699999999623,inf,0.22021999999995534,0.12616999999997347,0.01849999999998886,2.0,0.0,0.0,0.0,0.0,0.0,0.0,0.0,0.0,0.0,0.0,0.0,0,0,0.0,0.0,0,0,0,0
0,2025-01-01 00:04:57,,99.965855,0.0,0.15152999999995131,0.1335299999999513,inf,0.22021999999995534,0.12616999999997347,0.025359999999977845,2.0,0.0,0.0,0.0,0.0,0.0,0.0,0.0,0.0,0.0,0.0,0.0,0,0,0.0,0.0,0,0,0,0
0,2025-01-01 00:04:58,,99.96893,0.0,0.16724999999996726,0.14924999999996724,inf,0.22021999999995534,0.12616999999997347,0.04107999999999379,2.0,0.0,0.0,0.0,0.0,0.0,0.0,0.0,0.0,0.0,0.0,0.0,0,0,0.0,0.0,0,0,0,0
0,2025-01-01 00:04:59,,99.97706,0.0,0.17902999999995473,0.1610299999999547,inf,0.22021999999995534,0.12616999999997347,0.052859999999981255,2.0,0.0,0.0,0.0,0.0,0.0,0.0,0.0,0.0,0.0,0.0,0.0,0,0,0.0,0.0,0,0,0,0
